FID	IID	GYP_BLUP
1701	1701	28.024659348335
1702	1702	26.6727206554009
1703	1703	28.1961366611045
1704	1704	27.4424956723197
1705	1705	29.7722874148108
1706	1706	24.8955295897525
1707	1707	27.7381256640462
1708	1708	26.8933827447355
1709	1709	26.9309632094284
1710	1710	29.4436833086225
1711	1711	29.6722280329957
1712	1712	26.0700902876507
1713	1713	25.9165900996388
1714	1714	27.5873496766861
1715	1715	26.129216285996
1716	1716	26.4339425851603
1717	1717	28.2293262656842
1718	1718	28.4880414209949
1719	1719	26.8132257265123
1720	1720	25.3650546866432
1721	1721	30.8104035011429
1722	1722	25.779008449643
1723	1723	31.1287742614638
1724	1724	25.823352948402
1725	1725	27.9064073516444
1726	1726	31.1935854519577
1727	1727	25.8006121798076
1728	1728	24.3157193701528
1729	1729	27.0354359144808
1730	1730	25.7094368241731
1731	1731	26.298124238754
1732	1732	27.0192663216156
1733	1733	24.9990000868568
1734	1734	25.9316663231774
1735	1735	27.2253069167189
1736	1736	26.7926216670019
1737	1737	25.7505824889001
1738	1738	26.5249056595377
1739	1739	25.728569165147
1740	1740	23.2560820239072
1741	1741	23.5447279352481
1742	1742	24.879387569614
1743	1743	25.8904582041567
1744	1744	26.0462124806266
1745	1745	25.9066471080577
1746	1746	25.3037263860211
1747	1747	25.4242524595711
1748	1748	22.3690301989202
1749	1749	21.7049997559652
1750	1750	25.4640488046112
1751	1751	24.2826658761348
1752	1752	24.9785333951219
1753	1753	25.0945113149531
1754	1754	24.5782958678613
1755	1755	25.4924747653542
1756	1756	25.0228778938809
1757	1757	23.1869112526939
1758	1758	23.9176765401955
1759	1759	22.3612771537442
1760	1760	24.4423412520071
1761	1761	23.4532174446201
1762	1762	23.7790766496477
1763	1763	23.2855163946362
1764	1764	22.885245646012
1765	1765	23.915402463336
1766	1766	21.9291200604753
1767	1767	23.7255602370354
1768	1768	23.6505025916764
1769	1769	29.5084944991163
1770	1770	28.0947867508794
1771	1771	26.9491478922587
1772	1772	27.9741931868141
1773	1773	24.9529395339007
1774	1774	29.6005946119235
1775	1775	29.8621134507585
1776	1776	24.7033700951302
1777	1777	23.4025981315334
1778	1778	24.9842185872705
1779	1779	26.6499798868066
1780	1780	28.2643402034542
1781	1781	26.1656695704733
1783	1783	26.8336859692175
1784	1784	26.3936477514046
1787	1787	25.4003759315181
1788	1788	28.6784564454226
1789	1789	25.8165307178237
1790	1790	28.1743271867523
1791	1791	29.5914983044857
1792	1792	24.1348508802715
1793	1793	26.3218047770678
1794	1794	26.7721062769288
1795	1795	25.434030879906
1796	1796	26.4134758934253
1797	1797	29.7151024042253
1798	1798	29.0116087053298
1800	1800	31.550615518889
1802	1802	26.6295131950717
1804	1804	22.3030819699966
1805	1805	30.536377239581
1806	1806	22.957414079284
1808	1808	25.585711916591
1809	1809	24.405819758324
1810	1810	24.9147088144889
1811	1811	29.417531424739
1812	1812	23.0353242434393
1813	1813	23.7608814819103
EZ5	EZ5	27.1275360272879
GS179	GS179	NA
GS190	GS190	24.4700810920988
GS193	GS193	23.9868873889266
GS202	GS202	25.6780653500292
GS208	GS208	32.0458680811197
GS209	GS209	28.0422631119788
GS210	GS210	26.4546266586988
GS211	GS211	NA
GS212	GS212	26.6962235102849
GS217	GS217	NA
GS218	GS218	30.510002381751
GS228	GS228	28.6980259948553
GS230	GS230	27.8869508502449
GS232	GS232	27.576326326777
GS233	GS233	22.8479308028779
GS234	GS234	28.0767769479197
GS235	GS235	27.8179231783631
L10	L10	26.1960189471312
L11	L11	24.634717165562
L1	L1	24.4700810920988
L13	L13	25.531289334144
L14	L14	26.4891404946396
L15	L15	24.6426502718031
L16	L16	28.7325398307962
L17	L17	24.6975797681067
L18	L18	26.5154636008787
L19	L19	23.6244921115474
L20	L20	25.1066509876949
L21	L21	25.2638993187388
L2	L2	25.8506345297336
L22	L22	27.2903413955113
L23	L23	27.5289627031299
L24	L24	21.7952588066813
L25	L25	23.593724332222
L26	L26	25.6953222679996
L27	L27	24.3104512594742
L28	L28	25.5212081524678
L29	L29	33.2148209577847
L3	L3	24.5218518460101
L4	L4	26.3510851508762
L5	L5	28.2961430362264
L6	L6	28.6040414976698
L7	L7	26.5585488725877
L8	L8	24.5393510405752
L9	L9	27.7038334363269
wyj30	wyj30	21.7709479848888
Y10	Y10	21.5583217985317
Y104	Y104	21.6670570150064
Y105	Y105	20.260960950224
Y106	Y106	24.9690173607143
Y107	Y107	22.0574816691777
Y108	Y108	19.4604858957029
Y109	Y109	20.6577873621954
Y110	Y110	20.834252076374
Y11	Y11	20.6248132477336
Y114	Y114	21.0670043684338
Y1	Y1	18.9101592957196
Y121	Y121	20.1085978006419
Y12	Y12	24.153043495147
Y123	Y123	19.6628787361926
Y125	Y125	21.8341847015302
Y131	Y131	23.9006209637497
Y13	Y13	22.9989494889837
Y14	Y14	20.9022506245847
Y15	Y15	23.4560389377302
Y17	Y17	21.1160138493716
Y18	Y18	18.8976518729928
Y19	Y19	19.8152418857748
Y20	Y20	18.9112963341494
Y210	Y210	26.39304774489
Y21	Y21	18.8419369899366
Y219	Y219	25.5516007636995
Y2	Y2	20.7987801274804
Y220	Y220	23.6181128611313
Y22	Y22	18.2051954692948
Y229	Y229	20.0790348014692
Y23	Y23	22.5782726500185
Y24	Y24	19.7443238944832
Y243	Y243	20.4292426378222
Y244	Y244	19.1091410209202
Y245	Y245	20.872687625412
Y246	Y246	20.3758018316255
Y247	Y247	22.2985338162778
Y248	Y248	21.9939484770174
Y249	Y249	21.1036087593436
Y250	Y250	23.0023159382445
Y251	Y251	24.3611215277853
Y25	Y25	22.1946824834702
Y252	Y252	21.1853740431189
Y253	Y253	19.7367862341243
Y254	Y254	21.8175665605073
Y255	Y255	23.7977202969733
Y256	Y256	22.9807568741082
Y257	Y257	22.1632926308113
Y3	Y3	18.7657554151455
Y4	Y4	21.9938075171135
Y42	Y42	21.4002734568009
Y5	Y5	19.1875966725707
Y6	Y6	18.7896332221696
Y7	Y7	19.5571341622289
Y8	Y8	21.1091916187933
Y86	Y86	19.4104562047953
Y87	Y87	21.058024889456
Y88	Y88	21.5242106456401
Y90	Y90	22.5513315346422
Y91	Y91	19.0113557159645
Y9	Y9	20.8965654324361
Y92	Y92	22.0699890919045
Y94	Y94	20.4917797514567
Y95	Y95	26.1519570545903
Y96	Y96	23.3662129017825
Y97	Y97	21.319543728291
Y99	Y99	22.8363529935341
yangzhou_199_100	yangzhou_199_100	25.7062379901411
yangzhou_199_101	yangzhou_199_101	27.3333399830668
yangzhou_199_10	yangzhou_199_10	25.1775151203224
yangzhou_199_102	yangzhou_199_102	26.4566833537546
yangzhou_199_103	yangzhou_199_103	25.7755973343538
yangzhou_199_104	yangzhou_199_104	23.9881729228379
yangzhou_199_105	yangzhou_199_105	28.4283079908847
yangzhou_199_106	yangzhou_199_106	28.0701408855237
yangzhou_199_107	yangzhou_199_107	25.2366411186677
yangzhou_199_108	yangzhou_199_108	25.2468744645352
yangzhou_199_109	yangzhou_199_109	26.5499205049914
yangzhou_199_110	yangzhou_199_110	23.4264759385575
yangzhou_199_111	yangzhou_199_111	24.9887667409893
yangzhou_199_11	yangzhou_199_11	26.5726612735858
yangzhou_199_112	yangzhou_199_112	26.6295131950717
yangzhou_199_113	yangzhou_199_113	25.0513038546238
yangzhou_199_114	yangzhou_199_114	22.587341577426
yangzhou_199_115	yangzhou_199_115	24.6590255963713
yangzhou_199_116	yangzhou_199_116	23.5640575885533
yangzhou_199_117	yangzhou_199_117	25.6198230694825
yangzhou_199_118	yangzhou_199_118	24.2371843389461
yangzhou_199_119	yangzhou_199_119	24.3372437207612
yangzhou_199_1	yangzhou_199_1	25.4401709975872
yangzhou_199_120	yangzhou_199_120	25.8347233326991
yangzhou_199_121	yangzhou_199_121	25.010370471154
yangzhou_199_12	yangzhou_199_12	22.6339601530444
yangzhou_199_122	yangzhou_199_122	28.0041926566001
yangzhou_199_123	yangzhou_199_123	26.2042608223573
yangzhou_199_124	yangzhou_199_124	25.0842779690856
yangzhou_199_125	yangzhou_199_125	24.6635737500901
yangzhou_199_126	yangzhou_199_126	25.6721268372495
yangzhou_199_127	yangzhou_199_127	27.3789228280235
yangzhou_199_128	yangzhou_199_128	25.1058816992502
yangzhou_199_129	yangzhou_199_129	25.384456114531
yangzhou_199_130	yangzhou_199_130	23.9836247691191
yangzhou_199_131	yangzhou_199_131	22.8613678389879
yangzhou_199_13	yangzhou_199_13	26.0819005591932
yangzhou_199_132	yangzhou_199_132	25.2082151579248
yangzhou_199_133	yangzhou_199_133	25.8381344479883
yangzhou_199_134	yangzhou_199_134	26.0314309810403
yangzhou_199_135	yangzhou_199_135	20.7874097431832
yangzhou_199_136	yangzhou_199_136	21.3763956497769
yangzhou_199_137	yangzhou_199_137	22.9671124129516
yangzhou_199_138	yangzhou_199_138	23.0910496017908
yangzhou_199_139	yangzhou_199_139	23.2854831732725
yangzhou_199_140	yangzhou_199_140	27.9734926189977
yangzhou_199_141	yangzhou_199_141	29.671090994566
yangzhou_199_14	yangzhou_199_14	25.5925341471693
yangzhou_199_142	yangzhou_199_142	24.4009178728254
yangzhou_199_143	yangzhou_199_143	21.0637100816046
yangzhou_199_144	yangzhou_199_144	24.8705147442987
yangzhou_199_145	yangzhou_199_145	23.6209095100392
yangzhou_199_146	yangzhou_199_146	22.2052966650409
yangzhou_199_147	yangzhou_199_147	24.4827846397651
yangzhou_199_148	yangzhou_199_148	25.7994751413779
yangzhou_199_149	yangzhou_199_149	24.3361066823315
yangzhou_199_150	yangzhou_199_150	34.4091301311987
yangzhou_199_151	yangzhou_199_151	26.2622497822729
yangzhou_199_15	yangzhou_199_15	24.362258566215
yangzhou_199_152	yangzhou_199_152	26.7841504215132
yangzhou_199_153	yangzhou_199_153	26.8364541892802
yangzhou_199_154	yangzhou_199_154	25.3196449240371
yangzhou_199_155	yangzhou_199_155	24.9046258971902
yangzhou_199_156	yangzhou_199_156	28.4976673350975
yangzhou_199_157	yangzhou_199_157	23.6436502786335
yangzhou_199_158	yangzhou_199_158	23.8972098484605
yangzhou_199_159	yangzhou_199_159	23.3389239794693
yangzhou_199_160	yangzhou_199_160	25.8745196777393
yangzhou_199_161	yangzhou_199_161	24.2110324550626
yangzhou_199_16	yangzhou_199_16	23.863098695569
yangzhou_199_162	yangzhou_199_162	26.5669760814372
yangzhou_199_163	yangzhou_199_163	27.6676292814037
yangzhou_199_164	yangzhou_199_164	22.9659753745219
yangzhou_199_165	yangzhou_199_165	18.3154881969774
yangzhou_199_166	yangzhou_199_166	19.4832266642973
yangzhou_199_167	yangzhou_199_167	19.4366080886788
yangzhou_199_168	yangzhou_199_168	27.6887871034643
yangzhou_199_169	yangzhou_199_169	25.8085714488156
yangzhou_199_170	yangzhou_199_170	24.7704553624836
yangzhou_199_171	yangzhou_199_171	21.9062555580252
yangzhou_199_17	yangzhou_199_17	23.8983468868903
yangzhou_199_172	yangzhou_199_172	24.3406548360504
yangzhou_199_173	yangzhou_199_173	24.8830221670256
yangzhou_199_174	yangzhou_199_174	24.4623179480301
yangzhou_199_175	yangzhou_199_175	24.0939174968017
yangzhou_199_176	yangzhou_199_176	25.3708116533744
yangzhou_199_177	yangzhou_199_177	24.3281474133235
yangzhou_199_178	yangzhou_199_178	24.5908032905882
yangzhou_199_179	yangzhou_199_179	22.9045752993172
yangzhou_199_180	yangzhou_199_180	22.2848893551211
yangzhou_199_181	yangzhou_199_181	24.9569296649572
yangzhou_199_18	yangzhou_199_18	26.3156905884696
yangzhou_199_182	yangzhou_199_182	26.479424122349
yangzhou_199_183	yangzhou_199_183	26.95811730126
yangzhou_199_184	yangzhou_199_184	23.5663316654128
yangzhou_199_185	yangzhou_199_185	26.7159281157302
yangzhou_199_186	yangzhou_199_186	27.7290293566085
yangzhou_199_187	yangzhou_199_187	28.4862969508003
yangzhou_199_188	yangzhou_199_188	22.6771676133737
yangzhou_199_189	yangzhou_199_189	27.2003064867898
yangzhou_199_190	yangzhou_199_190	28.5579303718725
yangzhou_199_191	yangzhou_199_191	23.5322205125212
yangzhou_199_19	yangzhou_199_19	24.4952920624919
yangzhou_199_192	yangzhou_199_192	26.5510575434212
yangzhou_199_193	yangzhou_199_193	24.5123476389377
yangzhou_199_194	yangzhou_199_194	24.6442440967849
yangzhou_199_195	yangzhou_199_195	25.4845154963462
yangzhou_199_196	yangzhou_199_196	26.1724237463252
yangzhou_199_197	yangzhou_199_197	28.2327373809733
yangzhou_199_198	yangzhou_199_198	23.4412574381438
yangzhou_199_199	yangzhou_199_199	24.064354497629
yangzhou_199_20	yangzhou_199_20	24.6829034033953
yangzhou_199_21	yangzhou_199_21	26.450998161606
yangzhou_199_2	yangzhou_199_2	28.0223852714756
yangzhou_199_22	yangzhou_199_22	26.63633542565
yangzhou_199_23	yangzhou_199_23	25.614571872762
yangzhou_199_24	yangzhou_199_24	24.0802730356451
yangzhou_199_25	yangzhou_199_25	27.3231066371993
yangzhou_199_26	yangzhou_199_26	27.8461443148694
yangzhou_199_27	yangzhou_199_27	25.6437008765066
yangzhou_199_28	yangzhou_199_28	25.1127039298285
yangzhou_199_29	yangzhou_199_29	25.8620122550124
yangzhou_199_30	yangzhou_199_30	26.511261198381
yangzhou_199_31	yangzhou_199_31	27.9848630032949
yangzhou_199_3	yangzhou_199_3	27.2855843690187
yangzhou_199_32	yangzhou_199_32	27.0490803756374
yangzhou_199_33	yangzhou_199_33	26.8432764198586
yangzhou_199_34	yangzhou_199_34	22.8817223741792
yangzhou_199_35	yangzhou_199_35	27.7041820265365
yangzhou_199_36	yangzhou_199_36	22.7419788038676
yangzhou_199_37	yangzhou_199_37	25.1092928145394
yangzhou_199_38	yangzhou_199_38	25.8650887259268
yangzhou_199_39	yangzhou_199_39	26.6245715974872
yangzhou_199_40	yangzhou_199_40	25.6812231446873
yangzhou_199_41	yangzhou_199_41	28.1531446908931
yangzhou_199_4	yangzhou_199_4	25.0751816616479
yangzhou_199_42	yangzhou_199_42	25.7107861438599
yangzhou_199_43	yangzhou_199_43	27.5414180157051
yangzhou_199_44	yangzhou_199_44	24.9000777434714
yangzhou_199_45	yangzhou_199_45	23.6754873546656
yangzhou_199_46	yangzhou_199_46	25.2217506811491
yangzhou_199_47	yangzhou_199_47	28.5829452173263
yangzhou_199_48	yangzhou_199_48	24.2121003096659
yangzhou_199_49	yangzhou_199_49	26.2099460145059
yangzhou_199_50	yangzhou_199_50	24.5879930146781
yangzhou_199_51	yangzhou_199_51	27.493662401657
yangzhou_199_5	yangzhou_199_5	26.3861869711121
yangzhou_199_52	yangzhou_199_52	26.4738710910189
yangzhou_199_53	yangzhou_199_53	24.4725512938976
yangzhou_199_54	yangzhou_199_54	22.7585629896018
yangzhou_199_55	yangzhou_199_55	25.126815322204
yangzhou_199_56	yangzhou_199_56	24.3975067575362
yangzhou_199_57	yangzhou_199_57	28.1304039222988
yangzhou_199_58	yangzhou_199_58	26.6192798492042
yangzhou_199_59	yangzhou_199_59	28.4624191437763
yangzhou_199_60	yangzhou_199_60	24.3788786429477
yangzhou_199_61	yangzhou_199_61	24.4981892967571
yangzhou_199_6	yangzhou_199_6	25.4174302289928
yangzhou_199_62	yangzhou_199_62	29.0798310111129
yangzhou_199_63	yangzhou_199_63	25.9904975975704
yangzhou_199_64	yangzhou_199_64	23.8823923738703
yangzhou_199_65	yangzhou_199_65	23.4942705728126
yangzhou_199_66	yangzhou_199_66	26.6239715909725
yangzhou_199_67	yangzhou_199_67	26.6010872343287
yangzhou_199_68	yangzhou_199_68	24.5007551172691
yangzhou_199_69	yangzhou_199_69	24.9967260099974
yangzhou_199_70	yangzhou_199_70	26.6170057723448
yangzhou_199_71	yangzhou_199_71	25.9484271756709
yangzhou_199_7	yangzhou_199_7	27.3788215202555
yangzhou_199_72	yangzhou_199_72	27.875707314042
yangzhou_199_73	yangzhou_199_73	28.0303445404836
yangzhou_199_74	yangzhou_199_74	23.243412751373
yangzhou_199_75	yangzhou_199_75	28.0326186173431
yangzhou_199_76	yangzhou_199_76	26.4089277397065
yangzhou_199_77	yangzhou_199_77	25.9495642141006
yangzhou_199_78	yangzhou_199_78	25.1138409682583
yangzhou_199_79	yangzhou_199_79	26.129216285996
yangzhou_199_80	yangzhou_199_80	27.0695470673723
yangzhou_199_81	yangzhou_199_81	28.3475782623748
yangzhou_199_8	yangzhou_199_8	27.928011081809
yangzhou_199_82	yangzhou_199_82	25.3139597318885
yangzhou_199_83	yangzhou_199_83	27.9598481578411
yangzhou_199_84	yangzhou_199_84	25.1581854670172
yangzhou_199_85	yangzhou_199_85	24.7954702079374
yangzhou_199_86	yangzhou_199_86	26.3623091640881
yangzhou_199_87	yangzhou_199_87	27.2867214074484
yangzhou_199_88	yangzhou_199_88	26.6386095025094
yangzhou_199_89	yangzhou_199_89	23.1945200988951
yangzhou_199_90	yangzhou_199_90	22.7146898815544
yangzhou_199_91	yangzhou_199_91	22.5066118489161
yangzhou_199_9	yangzhou_199_9	25.0160556633026
yangzhou_199_92	yangzhou_199_92	25.682360183117
yangzhou_199_93	yangzhou_199_93	26.5249056595377
yangzhou_199_94	yangzhou_199_94	24.4714142554679
yangzhou_199_95	yangzhou_199_95	23.7880541592077
yangzhou_199_96	yangzhou_199_96	23.4355722459952
yangzhou_199_97	yangzhou_199_97	23.7289281608624
yangzhou_199_98	yangzhou_199_98	25.2139003500734
yangzhou_199_99	yangzhou_199_99	24.4543586790221
yangzhou_226_100	yangzhou_226_100	25.9939087128596
yangzhou_226_101	yangzhou_226_101	26.9899543772921
yangzhou_226_10	yangzhou_226_10	21.6663404493548
yangzhou_226_102	yangzhou_226_102	28.1883928822143
yangzhou_226_103	yangzhou_226_103	27.5914477066127
yangzhou_226_104	yangzhou_226_104	26.3122794731805
yangzhou_226_105	yangzhou_226_105	25.585711916591
yangzhou_226_106	yangzhou_226_106	24.9876297025596
yangzhou_226_107	yangzhou_226_107	21.7993739456318
yangzhou_226_108	yangzhou_226_108	27.7119737801627
yangzhou_226_109	yangzhou_226_109	24.9364629732223
yangzhou_226_110	yangzhou_226_110	27.8245405847047
yangzhou_226_111	yangzhou_226_111	29.4061610404418
yangzhou_226_11	yangzhou_226_11	21.6481478344794
yangzhou_226_112	yangzhou_226_112	24.7352071711623
yangzhou_226_113	yangzhou_226_113	26.9876803004327
yangzhou_226_114	yangzhou_226_114	25.2969041554428
yangzhou_226_115	yangzhou_226_115	23.0467051030319
yangzhou_226_116	yangzhou_226_116	25.412882075274
yangzhou_226_117	yangzhou_226_117	25.2821226558564
yangzhou_226_118	yangzhou_226_118	27.1116174892719
yangzhou_226_119	yangzhou_226_119	25.0456186624752
yangzhou_226_1	yangzhou_226_1	20.4394759836897
yangzhou_226_120	yangzhou_226_120	25.5243118413863
yangzhou_226_121	yangzhou_226_121	24.8193480149614
yangzhou_226_12	yangzhou_226_12	19.9732902275055
yangzhou_226_122	yangzhou_226_122	27.0286136839025
yangzhou_226_123	yangzhou_226_123	22.397606792657
yangzhou_226_124	yangzhou_226_124	26.4691907764815
yangzhou_226_125	yangzhou_226_125	23.1194755625338
yangzhou_226_126	yangzhou_226_126	27.6482996280985
yangzhou_226_127	yangzhou_226_127	24.0757248819262
yangzhou_226_128	yangzhou_226_128	26.9353765326657
yangzhou_226_129	yangzhou_226_129	24.9228185120657
yangzhou_226_130	yangzhou_226_130	27.8631998913151
yangzhou_226_131	yangzhou_226_131	27.771099778508
yangzhou_226_13	yangzhou_226_13	21.8562258671177
yangzhou_226_132	yangzhou_226_132	28.7944343652538
yangzhou_226_133	yangzhou_226_133	29.3311165040804
yangzhou_226_134	yangzhou_226_134	23.6641169703685
yangzhou_226_135	yangzhou_226_135	26.5749353504452
yangzhou_226_136	yangzhou_226_136	19.9744272659352
yangzhou_226_137	yangzhou_226_137	26.0689532492209
yangzhou_226_138	yangzhou_226_138	26.4248462777225
yangzhou_226_139	yangzhou_226_139	26.1860682074818
yangzhou_226_140	yangzhou_226_140	24.728384940584
yangzhou_226_141	yangzhou_226_141	25.5311340719646
yangzhou_226_14	yangzhou_226_14	19.939179074614
yangzhou_226_142	yangzhou_226_142	26.599950195899
yangzhou_226_143	yangzhou_226_143	23.0705829100559
yangzhou_226_144	yangzhou_226_144	27.3094621760427
yangzhou_226_145	yangzhou_226_145	27.3299288677776
yangzhou_226_146	yangzhou_226_146	27.8666110066043
yangzhou_226_147	yangzhou_226_147	27.6414773975202
yangzhou_226_148	yangzhou_226_148	25.8517789091449
yangzhou_226_149	yangzhou_226_149	27.3435733289343
yangzhou_226_150	yangzhou_226_150	28.5545192565834
yangzhou_226_151	yangzhou_226_151	30.6341625445367
yangzhou_226_15	yangzhou_226_15	21.5253476840699
yangzhou_226_152	yangzhou_226_152	25.1081557761097
yangzhou_226_153	yangzhou_226_153	25.1218002372663
yangzhou_226_154	yangzhou_226_154	27.1923472177818
yangzhou_226_155	yangzhou_226_155	27.0763692979506
yangzhou_226_156	yangzhou_226_156	24.4429882947249
yangzhou_226_157	yangzhou_226_157	26.3941462401202
yangzhou_226_158	yangzhou_226_158	30.6296143908178
yangzhou_226_159	yangzhou_226_159	27.8040738929698
yangzhou_226_160	yangzhou_226_160	37.3949930476368
yangzhou_226_161	yangzhou_226_161	25.5671041932895
yangzhou_226_16	yangzhou_226_16	22.2576004328079
yangzhou_226_162	yangzhou_226_162	24.9648889339653
yangzhou_226_163	yangzhou_226_163	25.867697447161
yangzhou_226_164	yangzhou_226_164	21.617447796877
yangzhou_226_165	yangzhou_226_165	24.0211470372998
yangzhou_226_166	yangzhou_226_166	24.8176339505046
yangzhou_226_167	yangzhou_226_167	27.2412398702597
yangzhou_226_168	yangzhou_226_168	30.9445740358495
yangzhou_226_169	yangzhou_226_169	26.0609939802129
yangzhou_226_170	yangzhou_226_170	28.1201705764313
yangzhou_226_171	yangzhou_226_171	26.4009684706985
yangzhou_226_17	yangzhou_226_17	23.0683088331965
yangzhou_226_172	yangzhou_226_172	28.2850411487403
yangzhou_226_173	yangzhou_226_173	24.5589662145561
yangzhou_226_174	yangzhou_226_174	25.1252113525554
yangzhou_226_175	yangzhou_226_175	29.1162162408638
yangzhou_226_176	yangzhou_226_176	27.0649989136535
yangzhou_226_177	yangzhou_226_177	27.1650582954686
yangzhou_226_178	yangzhou_226_178	28.1997632665115
yangzhou_226_179	yangzhou_226_179	31.111718685018
yangzhou_226_180	yangzhou_226_180	22.5009266567675
yangzhou_226_18	yangzhou_226_18	24.9444222422304
yangzhou_226_182	yangzhou_226_182	26.3588980487989
yangzhou_226_183	yangzhou_226_183	29.11281748764
yangzhou_226_184	yangzhou_226_184	27.4061104425687
yangzhou_226_185	yangzhou_226_185	26.3657202793772
yangzhou_226_186	yangzhou_226_186	26.5146723136702
yangzhou_226_187	yangzhou_226_187	27.5976517064413
yangzhou_226_188	yangzhou_226_188	27.7144453085846
yangzhou_226_189	yangzhou_226_189	37.7532180618955
yangzhou_226_190	yangzhou_226_190	30.2896399003323
yangzhou_226_191	yangzhou_226_191	29.2834445516899
yangzhou_226_19	yangzhou_226_19	25.8620122550124
yangzhou_226_192	yangzhou_226_192	30.2737213623162
yangzhou_226_193	yangzhou_226_193	25.3372126041903
yangzhou_226_194	yangzhou_226_194	20.0892681473367
yangzhou_226_195	yangzhou_226_195	27.8666110066043
yangzhou_226_196	yangzhou_226_196	26.5658390430075
yangzhou_226_197	yangzhou_226_197	27.3617659438097
yangzhou_226_198	yangzhou_226_198	29.9216509554436
yangzhou_226_199	yangzhou_226_199	25.3298782699046
yangzhou_226_200	yangzhou_226_200	20.321223986999
yangzhou_226_201	yangzhou_226_201	26.7636837297783
yangzhou_226_20	yangzhou_226_20	25.4640488046112
yangzhou_226_202	yangzhou_226_202	22.2200781646273
yangzhou_226_203	yangzhou_226_203	28.6511675231094
yangzhou_226_204	yangzhou_226_204	33.0071617473571
yangzhou_226_205	yangzhou_226_205	27.0456692603483
yangzhou_226_206	yangzhou_226_206	25.1445410058606
yangzhou_226_207	yangzhou_226_207	26.7693689219269
yangzhou_226_208	yangzhou_226_208	32.162342194077
yangzhou_226_209	yangzhou_226_209	24.2860769914239
yangzhou_226_210	yangzhou_226_210	26.299395296201
yangzhou_226_211	yangzhou_226_211	29.0343494739242
yangzhou_226_21	yangzhou_226_21	22.1063743216555
yangzhou_226_212	yangzhou_226_212	28.056299443199
yangzhou_226_213	yangzhou_226_213	27.7689275458518
yangzhou_226_214	yangzhou_226_214	29.6028686887829
yangzhou_226_215	yangzhou_226_215	29.2515238140002
yangzhou_226_216	yangzhou_226_216	23.8119319662317
yangzhou_226_217	yangzhou_226_217	28.3327967627885
yangzhou_226_218	yangzhou_226_218	25.940180424517
yangzhou_226_219	yangzhou_226_219	32.095583832873
yangzhou_226_2	yangzhou_226_2	22.2303115104947
yangzhou_226_220	yangzhou_226_220	25.980264251703
yangzhou_226_221	yangzhou_226_221	27.465236440914
yangzhou_226_22	yangzhou_226_22	22.3042190084263
yangzhou_226_222	yangzhou_226_222	24.3565733740664
yangzhou_226_223	yangzhou_226_223	26.3407054339234
yangzhou_226_224	yangzhou_226_224	26.5169463905296
yangzhou_226_225	yangzhou_226_225	24.378177104231
yangzhou_226_226	yangzhou_226_226	25.3207819624668
yangzhou_226_23	yangzhou_226_23	25.0058223174351
yangzhou_226_24	yangzhou_226_24	20.7703541667375
yangzhou_226_25	yangzhou_226_25	24.0450248443238
yangzhou_226_26	yangzhou_226_26	25.3594412690772
yangzhou_226_27	yangzhou_226_27	22.5020636951972
yangzhou_226_28	yangzhou_226_28	27.896174005777
yangzhou_226_29	yangzhou_226_29	28.2645744570054
yangzhou_226_30	yangzhou_226_30	23.1888349067465
yangzhou_226_31	yangzhou_226_31	23.9347321166412
yangzhou_226_3	yangzhou_226_3	22.3087671621452
yangzhou_226_32	yangzhou_226_32	22.6009860385826
yangzhou_226_33	yangzhou_226_33	23.4617241298787
yangzhou_226_34	yangzhou_226_34	22.721848195175
yangzhou_226_35	yangzhou_226_35	25.0164850401868
yangzhou_226_36	yangzhou_226_36	27.8299072316259
yangzhou_226_37	yangzhou_226_37	22.1876143664429
yangzhou_226_38	yangzhou_226_38	23.0397393990487
yangzhou_226_39	yangzhou_226_39	21.9489269254257
yangzhou_226_40	yangzhou_226_40	24.1391131457785
yangzhou_226_41	yangzhou_226_41	24.2759829696686
yangzhou_226_4	yangzhou_226_4	22.3542486993339
yangzhou_226_42	yangzhou_226_42	19.8990920422596
yangzhou_226_43	yangzhou_226_43	22.7262633507844
yangzhou_226_44	yangzhou_226_44	21.4139624683422
yangzhou_226_45	yangzhou_226_45	19.4634633554698
yangzhou_226_46	yangzhou_226_46	21.8093827025746
yangzhou_226_47	yangzhou_226_47	21.879899253544
yangzhou_226_48	yangzhou_226_48	20.8086140977871
yangzhou_226_49	yangzhou_226_49	21.2501296587228
yangzhou_226_50	yangzhou_226_50	21.088240619713
yangzhou_226_51	yangzhou_226_51	22.1560099410709
yangzhou_226_5	yangzhou_226_5	25.8574641012935
yangzhou_226_53	yangzhou_226_53	22.0753629894663
yangzhou_226_54	yangzhou_226_54	30.7990331168457
yangzhou_226_55	yangzhou_226_55	25.4992969959325
yangzhou_226_56	yangzhou_226_56	26.4930685835056
yangzhou_226_57	yangzhou_226_57	27.0172432996053
yangzhou_226_58	yangzhou_226_58	25.4856525347759
yangzhou_226_59	yangzhou_226_59	23.0967347939394
yangzhou_226_60	yangzhou_226_60	27.2219102169545
yangzhou_226_61	yangzhou_226_61	24.0336544600266
yangzhou_226_6	yangzhou_226_6	24.1132471501069
yangzhou_226_62	yangzhou_226_62	24.9228185120657
yangzhou_226_63	yangzhou_226_63	25.2468744645352
yangzhou_226_64	yangzhou_226_64	26.1769719000441
yangzhou_226_65	yangzhou_226_65	26.8000689595293
yangzhou_226_66	yangzhou_226_66	24.4031919496848
yangzhou_226_67	yangzhou_226_67	24.2394584158055
yangzhou_226_68	yangzhou_226_68	26.83759122771
yangzhou_226_69	yangzhou_226_69	28.9672642065708
yangzhou_226_70	yangzhou_226_70	28.3862375689852
yangzhou_226_71	yangzhou_226_71	26.4441759310277
yangzhou_226_7	yangzhou_226_7	24.6453811352147
yangzhou_226_72	yangzhou_226_72	25.7505824889001
yangzhou_226_73	yangzhou_226_73	28.3180152632021
yangzhou_226_74	yangzhou_226_74	24.3326955670423
yangzhou_226_75	yangzhou_226_75	23.8699209261473
yangzhou_226_76	yangzhou_226_76	26.5874427731721
yangzhou_226_77	yangzhou_226_77	24.885296243885
yangzhou_226_78	yangzhou_226_78	24.1359879187012
yangzhou_226_79	yangzhou_226_79	27.5289105929782
yangzhou_226_80	yangzhou_226_80	25.839271486418
yangzhou_226_81	yangzhou_226_81	25.0467557009049
yangzhou_226_8	yangzhou_226_8	22.8909308381606
yangzhou_226_82	yangzhou_226_82	25.122937275696
yangzhou_226_83	yangzhou_226_83	27.603082769584
yangzhou_226_84	yangzhou_226_84	24.7511257091784
yangzhou_226_85	yangzhou_226_85	26.9763099161355
yangzhou_226_86	yangzhou_226_86	26.2872646277267
yangzhou_226_87	yangzhou_226_87	26.2486053211163
yangzhou_226_88	yangzhou_226_88	29.0104716669001
yangzhou_226_89	yangzhou_226_89	27.0559026062157
yangzhou_226_90	yangzhou_226_90	27.4447697491791
yangzhou_226_91	yangzhou_226_91	26.2144941682248
yangzhou_226_9	yangzhou_226_9	21.0273248518536
yangzhou_226_92	yangzhou_226_92	27.4390845570305
yangzhou_226_93	yangzhou_226_93	24.2121694934923
yangzhou_226_94	yangzhou_226_94	28.3009596867564
yangzhou_226_95	yangzhou_226_95	29.0161568590487
yangzhou_226_96	yangzhou_226_96	29.3197461197832
yangzhou_226_97	yangzhou_226_97	29.5482908441565
yangzhou_226_98	yangzhou_226_98	40.8947973343073
yangzhou_226_99	yangzhou_226_99	24.1484953414281
YCX333	YCX333	23.7616288552926
YCX334	YCX334	24.3915063612135
YCX335	YCX335	24.6624399733493
YCX336	YCX336	NA
YCX337	YCX337	23.3526398993933
YCX338	YCX338	24.4570826495011
YCX339	YCX339	24.7435474878103
YCX340	YCX340	24.6693427405375
YCX341	YCX341	23.4354731056514
YCX342	YCX342	24.1999545717416
YCX343	YCX343	23.2560011587588
YCX344	YCX344	NA
YCX345	YCX345	23.8392849861595
YCX346	YCX346	25.1318281421451
YCX347	YCX347	NA
YCX348	YCX348	NA
YCX349	YCX349	NA
YCX350	YCX350	23.5027750857361
YCX351	YCX351	NA
YCX352	YCX352	23.7409205537281
YCX353	YCX353	24.0049513986757
YCX354	YCX354	22.824578209498
YCX355	YCX355	24.929922201891
YCX356	YCX356	26.7781381165246
YCX357	YCX357	25.0558977030752
YCX358	YCX358	25.1715190534771
YCX359	YCX359	25.166341978086
YCX360	YCX360	26.1931285973269
YCX361	YCX361	24.5192075541947
YCX362	YCX362	26.4071143801603
YCX363	YCX363	24.9057625167324
YCX364	YCX364	NA
YCX365	YCX365	23.6908754916138
YCX366	YCX366	24.0360138510225
YCX367	YCX367	23.5510944560533
YCX368	YCX368	24.1688921193948
YCX369	YCX369	24.0049513986757
YCX370	YCX370	28.7247184635897
YCX371	YCX371	24.5692526163089
YCX372	YCX372	27.7773136670128
YCX373	YCX373	25.2094842730121
YCX374	YCX374	25.2319182663736
YCX375	YCX375	26.1655175285742
YCX376	YCX376	24.8212036186773
YCX377	YCX377	24.9143909757176
YCX378	YCX378	25.6184732289114
YCX379	YCX379	NA
YCX380	YCX380	25.5477198652326
YCX381	YCX381	25.7651570316601
YCX382	YCX382	25.8738756148738
YCX383	YCX383	23.2007790212534
YCX384	YCX384	NA
YCX385	YCX385	25.0403664769018
YCX386	YCX386	25.7944937922098
YCX387	YCX387	22.9798904712319
YCX388	YCX388	25.3613451511519
YCX389	YCX389	27.3614219439253
YCX390	YCX390	NA
YCX391	YCX391	25.8238305527596
YCX392	YCX392	24.5209332459917
YCX393	YCX393	25.9170179097999
YD12	YD12	23.1228866778229
