FID	IID	HD_BLUP
1701	1701	93.5417136964332
1702	1702	94.2028324298945
1703	1703	94.3210742357686
1704	1704	92.9632348046546
1705	1705	97.1778667304703
1706	1706	92.8805949629719
1707	1707	95.4424300551344
1708	1708	99.9049815059982
1709	1709	93.3375806704887
1710	1710	96.1035487885957
1711	1711	94.2854722715772
1712	1712	95.1118706884038
1713	1713	99.9876213476808
1714	1714	93.993243047342
1715	1715	89.6576411373481
1716	1716	92.9632348046546
1717	1717	94.0375527465292
1718	1718	96.2880613663282
1719	1719	93.993243047342
1720	1720	94.6489054241952
1721	1721	97.3431464138357
1722	1722	97.756345622249
1723	1723	97.3431464138357
1724	1724	96.1035487885957
1725	1725	97.756345622249
1726	1726	96.5993878386917
1727	1727	97.1778667304703
1728	1728	89.7314375977961
1729	1729	90.0708403457614
1730	1730	95.9602301779016
1731	1731	92.6819182936356
1732	1732	97.271554931608
1733	1733	94.8639511633558
1734	1734	96.9437237431814
1735	1735	95.9602301779016
1736	1736	94.3210742357686
1737	1737	95.5250698968171
1738	1738	97.9216253056143
1739	1739	94.6489054241952
1740	1740	95.3045678010484
1741	1741	94.0375527465292
1742	1742	95.632398989475
1743	1743	94.3210742357686
1744	1744	96.8473073637397
1745	1745	95.3045678010484
1746	1746	98.9133034058062
1747	1747	80.154059343842
1748	1748	97.3431464138356
1749	1749	90.0708403457614
1750	1750	95.6077097384998
1751	1751	110.482881241379
1752	1752	95.3597902134518
1753	1753	95.7729894218651
1754	1754	89.1618020872521
1755	1755	87.5916450952816
1756	1756	87.0958060451856
1757	1757	84.8139697713971
1758	1758	98.4174643557102
1759	1759	91.3705935399291
1760	1760	88.5006833537909
1761	1761	104.450172798545
1762	1762	95.2493675119284
1763	1763	88.7479440325163
1764	1764	91.9715567044626
1765	1765	96.764667522057
1766	1766	88.8312427205215
1767	1767	89.1778039075832
1768	1768	85.7974633366769
1769	1769	93.7896332214812
1770	1770	103.127935331622
1771	1771	104.61545248191
1772	1772	110.732378939052
1773	1773	105.359211057054
1774	1774	103.458494698353
1775	1775	93.7069933797985
1776	1776	95.1118706884038
1777	1777	93.1285144880199
1778	1778	99.7397018226328
1779	1779	95.6903495801824
1780	1780	94.3210742357686
1781	1781	87.7644504672365
1783	1783	111.029388033125
1784	1784	109.54434256276
1787	1787	99.2385420621676
1788	1788	99.9049815059982
1789	1789	102.962655648257
1790	1790	98.2550484968878
1791	1791	92.7153152796066
1792	1792	85.525649053215
1793	1793	111.22739409584
1794	1794	107.663284966964
1795	1795	98.6653838807582
1796	1796	97.9216253056143
1797	1797	101.227218972921
1798	1798	100.070261189363
1800	1800	97.8389854639316
1802	1802	100.318180714411
1804	1804	102.301536914795
1805	1805	96.8473073637397
1806	1806	97.012587047105
1808	1808	95.117985789043
1809	1809	102.797375964891
1810	1810	98.2550484968878
1811	1811	101.557778339651
1812	1812	94.6489054241952
1813	1813	96.2880613663282
EZ5	EZ5	100.979299447873
GS179	GS179	104.157642604236
GS190	GS190	98.584512400984
GS193	GS193	93.0113821977317
GS202	GS202	100.223668343117
GS208	GS208	91.7000574440253
GS209	GS209	98.9123435894106
GS210	GS210	89.7330703134656
GS211	GS211	NA
GS212	GS212	94.3227069514381
GS217	GS217	104.157642604236
GS218	GS218	100.223668343117
GS228	GS228	93.6670445745849
GS230	GS230	88.7495767481858
GS232	GS232	98.2566812125573
GS233	GS233	94.9783693282913
GS234	GS234	98.584512400984
GS235	GS235	97.2731876472775
L10	L10	100.318180714411
L11	L11	103.37585485667
L1	L1	101.604433175032
L13	L13	100.979299447873
L14	L14	105.554708677327
L15	L15	104.073355363966
L16	L16	102.098217612819
L17	L17	100.814019764507
L18	L18	101.475138497969
L19	L19	86.2971156036362
L20	L20	79.906139818794
L21	L21	93.9507743893339
L2	L2	103.579570926179
L22	L22	95.6077097384998
L23	L23	81.3936569690819
L24	L24	82.5937323202341
L25	L25	77.0963852015835
L26	L26	95.4321277026948
L27	L27	80.3193390272073
L28	L28	87.8395646203296
L29	L29	89.4923614539828
L3	L3	107.036061990688
L4	L4	106.048493115114
L5	L5	99.7397018226328
L6	L6	97.9216253056143
L7	L7	97.260506572153
L8	L8	98.9133034058062
L9	L9	105.554708677327
wyj30	wyj30	96.1861886302784
Y10	Y10	65.8573667327415
Y104	Y104	73.4829298415552
Y105	Y105	69.410879925096
Y106	Y106	83.0464538027352
Y107	Y107	71.3942361254799
Y108	Y108	66.2705659411548
Y109	Y109	68.1712822998561
Y110	Y110	64.535129265819
Y11	Y11	64.8656886325496
Y114	Y114	68.8324010333174
Y1	Y1	64.7004089491843
Y121	Y121	67.5101635663948
Y12	Y12	70.3199181836053
Y123	Y123	72.6338337507198
Y125	Y125	68.4192018249041
Y131	Y131	75.1956688428823
Y13	Y13	71.3115962837972
Y14	Y14	66.2705659411548
Y15	Y15	68.915040875
Y17	Y17	69.5761596084613
Y18	Y18	66.0226464161069
Y19	Y19	71.8900751755758
Y20	Y20	71.2289564421146
Y210	Y210	87.5916450952816
Y21	Y21	70.5678377086533
Y219	Y219	89.2444419289348
Y2	Y2	69.5761596084613
Y220	Y220	82.2200553859086
Y22	Y22	64.7830487908669
Y229	Y229	67.9233627748081
Y23	Y23	66.6837651495682
Y24	Y24	72.9643931174504
Y243	Y243	66.6837651495682
Y244	Y244	64.535129265819
Y245	Y245	70.3199181836053
Y246	Y246	66.9316846746162
Y247	Y247	79.5755804520634
Y248	Y248	73.1393128276417
Y249	Y249	71.1592522004884
Y250	Y250	71.3572582632038
Y251	Y251	79.1623812436501
Y25	Y25	70.9810369170666
Y252	Y252	71.0450598574797
Y253	Y253	69.410879925096
Y254	Y254	75.030389159517
Y255	Y255	91.4575580901747
Y256	Y256	86.828855345728
Y257	Y257	84.9477977499324
Y3	Y3	70.5678377086533
Y4	Y4	70.7331173920186
Y42	Y42	77.0963852015835
Y5	Y5	71.4768759671625
Y6	Y6	65.4441675243282
Y7	Y7	66.0226464161069
Y8	Y8	66.1879260994722
Y86	Y86	66.3532057828375
Y87	Y87	67.7580830914428
Y88	Y88	70.8983970753839
Y90	Y90	69.658799450144
Y91	Y91	70.15463850024
Y9	Y9	69.8240791335093
Y92	Y92	71.2289564421146
Y94	Y94	71.3942361254799
Y95	Y95	76.9311055182182
Y96	Y96	78.9144617186021
Y97	Y97	71.7247954922105
Y99	Y99	75.278308684565
yangzhou_199_100	yangzhou_199_100	87.0958060451856
yangzhou_199_101	yangzhou_199_101	86.1867677866763
yangzhou_199_10	yangzhou_199_10	88.6659630371562
yangzhou_199_102	yangzhou_199_102	90.9798786042707
yangzhou_199_103	yangzhou_199_103	88.5006833537909
yangzhou_199_104	yangzhou_199_104	85.525649053215
yangzhou_199_105	yangzhou_199_105	86.517327153407
yangzhou_199_106	yangzhou_199_106	85.8562084199457
yangzhou_199_107	yangzhou_199_107	86.6826068367723
yangzhou_199_108	yangzhou_199_108	93.8722730631639
yangzhou_199_109	yangzhou_199_109	87.9222044620122
yangzhou_199_110	yangzhou_199_110	95.0292308467211
yangzhou_199_111	yangzhou_199_111	86.6826068367723
yangzhou_199_11	yangzhou_199_11	87.6742849369642
yangzhou_199_112	yangzhou_199_112	89.3270817706175
yangzhou_199_113	yangzhou_199_113	95.9382691052304
yangzhou_199_114	yangzhou_199_114	98.0869049889796
yangzhou_199_115	yangzhou_199_115	101.805697864699
yangzhou_199_116	yangzhou_199_116	109.54434256276
yangzhou_199_117	yangzhou_199_117	103.458494698353
yangzhou_199_118	yangzhou_199_118	99.9049815059982
yangzhou_199_119	yangzhou_199_119	98.4174643557102
yangzhou_199_1	yangzhou_199_1	89.3270817706175
yangzhou_199_120	yangzhou_199_120	101.061939289555
yangzhou_199_121	yangzhou_199_121	104.119613431814
yangzhou_199_12	yangzhou_199_12	88.9965224038868
yangzhou_199_122	yangzhou_199_122	96.764667522057
yangzhou_199_123	yangzhou_199_123	94.9465910050385
yangzhou_199_124	yangzhou_199_124	100.979299447873
yangzhou_199_125	yangzhou_199_125	99.9876213476808
yangzhou_199_126	yangzhou_199_126	95.5250698968171
yangzhou_199_127	yangzhou_199_127	103.789054065083
yangzhou_199_128	yangzhou_199_128	100.814019764507
yangzhou_199_129	yangzhou_199_129	99.9049815059982
yangzhou_199_130	yangzhou_199_130	102.962655648257
yangzhou_199_131	yangzhou_199_131	103.293215014987
yangzhou_199_13	yangzhou_199_13	93.4590738547505
yangzhou_199_132	yangzhou_199_132	103.458494698353
yangzhou_199_133	yangzhou_199_133	95.1118706884038
yangzhou_199_134	yangzhou_199_134	92.136836387828
yangzhou_199_135	yangzhou_199_135	104.532812640227
yangzhou_199_136	yangzhou_199_136	93.2111543297026
yangzhou_199_137	yangzhou_199_137	93.7069933797985
yangzhou_199_138	yangzhou_199_138	95.0292308467211
yangzhou_199_139	yangzhou_199_139	103.871693906766
yangzhou_199_140	yangzhou_199_140	92.7979551212892
yangzhou_199_141	yangzhou_199_141	95.6903495801824
yangzhou_199_14	yangzhou_199_14	86.9305263618203
yangzhou_199_142	yangzhou_199_142	98.4174643557102
yangzhou_199_143	yangzhou_199_143	101.475138497969
yangzhou_199_144	yangzhou_199_144	101.227218972921
yangzhou_199_145	yangzhou_199_145	89.9055606623961
yangzhou_199_146	yangzhou_199_146	96.268828471961
yangzhou_199_147	yangzhou_199_147	87.8395646203295
yangzhou_199_148	yangzhou_199_148	89.6576411373481
yangzhou_199_149	yangzhou_199_149	86.1867677866763
yangzhou_199_150	yangzhou_199_150	86.765246678455
yangzhou_199_151	yangzhou_199_151	79.9887796604767
yangzhou_199_15	yangzhou_199_15	97.260506572153
yangzhou_199_152	yangzhou_199_152	87.2610857285509
yangzhou_199_153	yangzhou_199_153	86.5999669950896
yangzhou_199_154	yangzhou_199_154	80.2366991855247
yangzhou_199_155	yangzhou_199_155	85.1124498448017
yangzhou_199_156	yangzhou_199_156	86.8478865201376
yangzhou_199_157	yangzhou_199_157	83.5422928528311
yangzhou_199_158	yangzhou_199_158	93.5417136964332
yangzhou_199_159	yangzhou_199_159	87.8395646203295
yangzhou_199_160	yangzhou_199_160	95.7729894218651
yangzhou_199_161	yangzhou_199_161	95.4424300551344
yangzhou_199_16	yangzhou_199_16	99.0785830891715
yangzhou_199_162	yangzhou_199_162	86.021488103311
yangzhou_199_163	yangzhou_199_163	82.7158944360045
yangzhou_199_164	yangzhou_199_164	72.3032743839892
yangzhou_199_165	yangzhou_199_165	64.2045698990883
yangzhou_199_166	yangzhou_199_166	65.5268073660109
yangzhou_199_167	yangzhou_199_167	67.0143245162988
yangzhou_199_168	yangzhou_199_168	82.9638139610525
yangzhou_199_169	yangzhou_199_169	82.8811741193699
yangzhou_199_170	yangzhou_199_170	83.0464538027352
yangzhou_199_171	yangzhou_199_171	83.0464538027352
yangzhou_199_17	yangzhou_199_17	98.5827440390756
yangzhou_199_172	yangzhou_199_172	84.8645303197537
yangzhou_199_173	yangzhou_199_173	93.7069933797985
yangzhou_199_174	yangzhou_199_174	99.2438627725369
yangzhou_199_175	yangzhou_199_175	97.0952268887876
yangzhou_199_176	yangzhou_199_176	98.5001041973929
yangzhou_199_177	yangzhou_199_177	86.765246678455
yangzhou_199_178	yangzhou_199_178	87.0131662035029
yangzhou_199_179	yangzhou_199_179	84.5339709530231
yangzhou_199_180	yangzhou_199_180	75.4435883679303
yangzhou_199_181	yangzhou_199_181	85.1950896864844
yangzhou_199_18	yangzhou_199_18	97.3431464138357
yangzhou_199_182	yangzhou_199_182	85.8562084199457
yangzhou_199_183	yangzhou_199_183	87.3437255702336
yangzhou_199_184	yangzhou_199_184	91.0625184459534
yangzhou_199_185	yangzhou_199_185	93.8722730631638
yangzhou_199_186	yangzhou_199_186	84.0381319029271
yangzhou_199_187	yangzhou_199_187	83.7075725361965
yangzhou_199_188	yangzhou_199_188	77.4269445683142
yangzhou_199_189	yangzhou_199_189	85.277729528167
yangzhou_199_190	yangzhou_199_190	89.4923614539828
yangzhou_199_191	yangzhou_199_191	95.3597902134518
yangzhou_199_19	yangzhou_199_19	98.2521846723449
yangzhou_199_192	yangzhou_199_192	101.309858814603
yangzhou_199_193	yangzhou_199_193	89.4923614539828
yangzhou_199_194	yangzhou_199_194	86.6826068367723
yangzhou_199_195	yangzhou_199_195	106.516168840611
yangzhou_199_196	yangzhou_199_196	93.3764340130679
yangzhou_199_197	yangzhou_199_197	98.9133034058062
yangzhou_199_198	yangzhou_199_198	99.8223416643155
yangzhou_199_199	yangzhou_199_199	101.557778339651
yangzhou_199_20	yangzhou_199_20	96.1861886302784
yangzhou_199_21	yangzhou_199_21	98.5001041973929
yangzhou_199_2	yangzhou_199_2	87.5090052535989
yangzhou_199_22	yangzhou_199_22	88.9965224038868
yangzhou_199_23	yangzhou_199_23	94.7813113216731
yangzhou_199_24	yangzhou_199_24	87.6742849369642
yangzhou_199_25	yangzhou_199_25	96.268828471961
yangzhou_199_26	yangzhou_199_26	96.8473073637397
yangzhou_199_27	yangzhou_199_27	88.0048443036949
yangzhou_199_28	yangzhou_199_28	99.6570619809502
yangzhou_199_29	yangzhou_199_29	85.6909287365803
yangzhou_199_30	yangzhou_199_30	94.5333917966251
yangzhou_199_31	yangzhou_199_31	96.1035487885957
yangzhou_199_3	yangzhou_199_3	87.1784458868683
yangzhou_199_32	yangzhou_199_32	96.764667522057
yangzhou_199_33	yangzhou_199_33	95.2771503717691
yangzhou_199_34	yangzhou_199_34	97.3431464138357
yangzhou_199_35	yangzhou_199_35	95.3597902134518
yangzhou_199_36	yangzhou_199_36	100.400820556094
yangzhou_199_37	yangzhou_199_37	101.061939289555
yangzhou_199_38	yangzhou_199_38	91.8062770210973
yangzhou_199_39	yangzhou_199_39	92.0541965461453
yangzhou_199_40	yangzhou_199_40	94.1201925882118
yangzhou_199_41	yangzhou_199_41	94.4507519549425
yangzhou_199_4	yangzhou_199_4	93.3764340130679
yangzhou_199_42	yangzhou_199_42	87.0131662035029
yangzhou_199_43	yangzhou_199_43	88.1701239870602
yangzhou_199_44	yangzhou_199_44	94.3681121132598
yangzhou_199_45	yangzhou_199_45	96.764667522057
yangzhou_199_46	yangzhou_199_46	98.0869049889796
yangzhou_199_47	yangzhou_199_47	95.4424300551344
yangzhou_199_48	yangzhou_199_48	99.7397018226328
yangzhou_199_49	yangzhou_199_49	107.861291029679
yangzhou_199_50	yangzhou_199_50	101.227218972921
yangzhou_199_51	yangzhou_199_51	87.2610857285509
yangzhou_199_5	yangzhou_199_5	89.6576411373481
yangzhou_199_52	yangzhou_199_52	97.5910659388836
yangzhou_199_53	yangzhou_199_53	89.6576411373481
yangzhou_199_54	yangzhou_199_54	95.2771503717691
yangzhou_199_55	yangzhou_199_55	99.0785830891715
yangzhou_199_56	yangzhou_199_56	96.4341081553264
yangzhou_199_57	yangzhou_199_57	99.1612229308542
yangzhou_199_58	yangzhou_199_58	85.8562084199457
yangzhou_199_59	yangzhou_199_59	91.9715567044626
yangzhou_199_60	yangzhou_199_60	99.2438627725369
yangzhou_199_61	yangzhou_199_61	102.632096281526
yangzhou_199_6	yangzhou_199_6	89.8229208207134
yangzhou_199_62	yangzhou_199_62	91.3104379710013
yangzhou_199_63	yangzhou_199_63	101.805697864699
yangzhou_199_64	yangzhou_199_64	101.309858814603
yangzhou_199_65	yangzhou_199_65	98.0869049889796
yangzhou_199_66	yangzhou_199_66	97.4257862555183
yangzhou_199_67	yangzhou_199_67	93.5417136964332
yangzhou_199_68	yangzhou_199_68	100.566100239459
yangzhou_199_69	yangzhou_199_69	98.2521846723449
yangzhou_199_70	yangzhou_199_70	100.89665960619
yangzhou_199_71	yangzhou_199_71	93.9549129048465
yangzhou_199_7	yangzhou_199_7	92.4673957545586
yangzhou_199_72	yangzhou_199_72	94.4507519549425
yangzhou_199_73	yangzhou_199_73	90.9798786042707
yangzhou_199_74	yangzhou_199_74	98.5827440390756
yangzhou_199_75	yangzhou_199_75	97.8389854639316
yangzhou_199_76	yangzhou_199_76	102.962655648257
yangzhou_199_77	yangzhou_199_77	98.5001041973929
yangzhou_199_78	yangzhou_199_78	101.475138497969
yangzhou_199_79	yangzhou_199_79	97.9216253056143
yangzhou_199_80	yangzhou_199_80	93.9549129048465
yangzhou_199_81	yangzhou_199_81	94.4507519549425
yangzhou_199_8	yangzhou_199_8	86.7652466784549
yangzhou_199_82	yangzhou_199_82	87.5090052535989
yangzhou_199_83	yangzhou_199_83	90.1534801874441
yangzhou_199_84	yangzhou_199_84	100.400820556094
yangzhou_199_85	yangzhou_199_85	86.021488103311
yangzhou_199_86	yangzhou_199_86	86.5999669950896
yangzhou_199_87	yangzhou_199_87	93.3764340130679
yangzhou_199_88	yangzhou_199_88	93.4590738547506
yangzhou_199_89	yangzhou_199_89	97.6737057805663
yangzhou_199_90	yangzhou_199_90	86.9305263618203
yangzhou_199_91	yangzhou_199_91	100.979299447873
yangzhou_199_9	yangzhou_199_9	86.517327153407
yangzhou_199_92	yangzhou_199_92	95.2771503717691
yangzhou_199_93	yangzhou_199_93	95.1945105300864
yangzhou_199_94	yangzhou_199_94	103.210575173305
yangzhou_199_95	yangzhou_199_95	99.4091424559022
yangzhou_199_96	yangzhou_199_96	97.0952268887877
yangzhou_199_97	yangzhou_199_97	92.3021160711933
yangzhou_199_98	yangzhou_199_98	94.4507519549425
yangzhou_199_99	yangzhou_199_99	88.2527638287429
yangzhou_226_100	yangzhou_226_100	107.755766465851
yangzhou_226_101	yangzhou_226_101	106.020329790515
yangzhou_226_10	yangzhou_226_10	77.3443047266315
yangzhou_226_102	yangzhou_226_102	101.392498656286
yangzhou_226_103	yangzhou_226_103	104.119613431814
yangzhou_226_104	yangzhou_226_104	101.309858814603
yangzhou_226_105	yangzhou_226_105	99.7397018226328
yangzhou_226_106	yangzhou_226_106	102.714736123209
yangzhou_226_107	yangzhou_226_107	102.714736123209
yangzhou_226_108	yangzhou_226_108	96.764667522057
yangzhou_226_109	yangzhou_226_109	103.458494698353
yangzhou_226_110	yangzhou_226_110	101.557778339651
yangzhou_226_111	yangzhou_226_111	100.235540872729
yangzhou_226_11	yangzhou_226_11	79.2450210853328
yangzhou_226_112	yangzhou_226_112	99.1612229308542
yangzhou_226_113	yangzhou_226_113	95.7729894218651
yangzhou_226_114	yangzhou_226_114	102.13625723143
yangzhou_226_115	yangzhou_226_115	103.127935331622
yangzhou_226_116	yangzhou_226_116	108.086325832582
yangzhou_226_117	yangzhou_226_117	98.9133034058062
yangzhou_226_118	yangzhou_226_118	101.723058023017
yangzhou_226_119	yangzhou_226_119	104.698092323593
yangzhou_226_1	yangzhou_226_1	77.0137453599009
yangzhou_226_120	yangzhou_226_120	104.863372006958
yangzhou_226_121	yangzhou_226_121	103.623774381718
yangzhou_226_12	yangzhou_226_12	77.9227836184102
yangzhou_226_122	yangzhou_226_122	104.450172798545
yangzhou_226_123	yangzhou_226_123	108.830084407726
yangzhou_226_124	yangzhou_226_124	99.8223416643155
yangzhou_226_125	yangzhou_226_125	91.4757176543667
yangzhou_226_126	yangzhou_226_126	104.036973590131
yangzhou_226_127	yangzhou_226_127	102.880015806574
yangzhou_226_128	yangzhou_226_128	103.045295489939
yangzhou_226_129	yangzhou_226_129	97.0952268887877
yangzhou_226_130	yangzhou_226_130	103.789054065083
yangzhou_226_131	yangzhou_226_131	102.301536914795
yangzhou_226_13	yangzhou_226_13	78.8318218769194
yangzhou_226_132	yangzhou_226_132	102.13625723143
yangzhou_226_133	yangzhou_226_133	103.045295489939
yangzhou_226_134	yangzhou_226_134	106.516168840611
yangzhou_226_135	yangzhou_226_135	105.689770423784
yangzhou_226_136	yangzhou_226_136	106.433528998928
yangzhou_226_137	yangzhou_226_137	103.623774381718
yangzhou_226_138	yangzhou_226_138	102.301536914795
yangzhou_226_139	yangzhou_226_139	106.433528998928
yangzhou_226_140	yangzhou_226_140	106.681448523976
yangzhou_226_141	yangzhou_226_141	104.202253273497
yangzhou_226_14	yangzhou_226_14	77.0137453599009
yangzhou_226_142	yangzhou_226_142	103.37585485667
yangzhou_226_143	yangzhou_226_143	105.772410265467
yangzhou_226_144	yangzhou_226_144	102.301536914795
yangzhou_226_145	yangzhou_226_145	94.6160316383078
yangzhou_226_146	yangzhou_226_146	104.284893115179
yangzhou_226_147	yangzhou_226_147	98.5001041973929
yangzhou_226_148	yangzhou_226_148	97.012587047105
yangzhou_226_149	yangzhou_226_149	100.235540872729
yangzhou_226_150	yangzhou_226_150	95.5250698968171
yangzhou_226_151	yangzhou_226_151	102.797375964891
yangzhou_226_15	yangzhou_226_15	78.9971015602847
yangzhou_226_152	yangzhou_226_152	100.400820556094
yangzhou_226_153	yangzhou_226_153	103.210575173305
yangzhou_226_154	yangzhou_226_154	99.3265026142195
yangzhou_226_155	yangzhou_226_155	100.979299447873
yangzhou_226_156	yangzhou_226_156	96.8473073637397
yangzhou_226_157	yangzhou_226_157	98.0042651472969
yangzhou_226_158	yangzhou_226_158	96.1861886302784
yangzhou_226_159	yangzhou_226_159	104.698092323593
yangzhou_226_160	yangzhou_226_160	98.0869049889796
yangzhou_226_161	yangzhou_226_161	96.6820276803743
yangzhou_226_16	yangzhou_226_16	86.3520474700417
yangzhou_226_162	yangzhou_226_162	91.7236371794147
yangzhou_226_163	yangzhou_226_163	98.7480237224409
yangzhou_226_164	yangzhou_226_164	88.5833231954735
yangzhou_226_165	yangzhou_226_165	91.393077812684
yangzhou_226_166	yangzhou_226_166	102.642216172225
yangzhou_226_167	yangzhou_226_167	103.871693906766
yangzhou_226_168	yangzhou_226_168	94.6986714799905
yangzhou_226_169	yangzhou_226_169	97.3431464138356
yangzhou_226_170	yangzhou_226_170	93.2937941713852
yangzhou_226_171	yangzhou_226_171	95.6077097384998
yangzhou_226_17	yangzhou_226_17	80.7325382356206
yangzhou_226_172	yangzhou_226_172	92.7979551212892
yangzhou_226_173	yangzhou_226_173	93.2111543297026
yangzhou_226_174	yangzhou_226_174	90.8145989209054
yangzhou_226_175	yangzhou_226_175	95.6903495801824
yangzhou_226_176	yangzhou_226_176	96.5993878386917
yangzhou_226_177	yangzhou_226_177	96.3514683136437
yangzhou_226_178	yangzhou_226_178	94.7813113216731
yangzhou_226_179	yangzhou_226_179	96.764667522057
yangzhou_226_180	yangzhou_226_180	79.2450210853327
yangzhou_226_18	yangzhou_226_18	88.0048443036949
yangzhou_226_182	yangzhou_226_182	89.3270817706175
yangzhou_226_183	yangzhou_226_183	95.4424300551344
yangzhou_226_184	yangzhou_226_184	98.6653838807582
yangzhou_226_185	yangzhou_226_185	97.5910659388836
yangzhou_226_186	yangzhou_226_186	99.4091424559022
yangzhou_226_187	yangzhou_226_187	94.5510917916258
yangzhou_226_188	yangzhou_226_188	96.764667522057
yangzhou_226_189	yangzhou_226_189	97.4257862555183
yangzhou_226_190	yangzhou_226_190	100.979299447873
yangzhou_226_191	yangzhou_226_191	97.012587047105
yangzhou_226_19	yangzhou_226_19	88.0874841453775
yangzhou_226_192	yangzhou_226_192	100.648740081142
yangzhou_226_193	yangzhou_226_193	99.1612229308542
yangzhou_226_194	yangzhou_226_194	89.5750012956654
yangzhou_226_195	yangzhou_226_195	103.871693906766
yangzhou_226_196	yangzhou_226_196	101.309858814603
yangzhou_226_197	yangzhou_226_197	85.8562084199457
yangzhou_226_198	yangzhou_226_198	94.4520887602681
yangzhou_226_199	yangzhou_226_199	93.9549129048465
yangzhou_226_200	yangzhou_226_200	84.4513311113404
yangzhou_226_201	yangzhou_226_201	98.8306635641236
yangzhou_226_20	yangzhou_226_20	88.9965224038868
yangzhou_226_202	yangzhou_226_202	90.5666793958574
yangzhou_226_203	yangzhou_226_203	91.145158287636
yangzhou_226_204	yangzhou_226_204	102.632096281526
yangzhou_226_205	yangzhou_226_205	93.3764340130679
yangzhou_226_206	yangzhou_226_206	96.0209089469131
yangzhou_226_207	yangzhou_226_207	95.5250698968171
yangzhou_226_208	yangzhou_226_208	89.5750012956654
yangzhou_226_209	yangzhou_226_209	89.0791622455695
yangzhou_226_210	yangzhou_226_210	92.4673957545586
yangzhou_226_211	yangzhou_226_211	102.632096281526
yangzhou_226_21	yangzhou_226_21	77.5095844099968
yangzhou_226_212	yangzhou_226_212	105.980233433884
yangzhou_226_213	yangzhou_226_213	107.42520709912
yangzhou_226_214	yangzhou_226_214	97.260506572153
yangzhou_226_215	yangzhou_226_215	98.4174643557102
yangzhou_226_216	yangzhou_226_216	103.789054065083
yangzhou_226_217	yangzhou_226_217	98.0869049889796
yangzhou_226_218	yangzhou_226_218	102.384176756478
yangzhou_226_219	yangzhou_226_219	97.3431464138356
yangzhou_226_2	yangzhou_226_2	76.9311055182182
yangzhou_226_220	yangzhou_226_220	100.89665960619
yangzhou_226_221	yangzhou_226_221	98.1695448306623
yangzhou_226_22	yangzhou_226_22	76.1873469430743
yangzhou_226_222	yangzhou_226_222	91.3104379710013
yangzhou_226_223	yangzhou_226_223	88.6659630371562
yangzhou_226_224	yangzhou_226_224	100.731379922825
yangzhou_226_225	yangzhou_226_225	95.2771503717691
yangzhou_226_226	yangzhou_226_226	80.649898393938
yangzhou_226_23	yangzhou_226_23	81.7242163358126
yangzhou_226_24	yangzhou_226_24	75.6915078929783
yangzhou_226_25	yangzhou_226_25	91.0625184459534
yangzhou_226_26	yangzhou_226_26	89.4923614539828
yangzhou_226_27	yangzhou_226_27	84.2860514279751
yangzhou_226_28	yangzhou_226_28	91.8062770210973
yangzhou_226_29	yangzhou_226_29	88.9138825622041
yangzhou_226_30	yangzhou_226_30	80.7325382356206
yangzhou_226_31	yangzhou_226_31	90.7319590792227
yangzhou_226_3	yangzhou_226_3	81.145737444034
yangzhou_226_32	yangzhou_226_32	77.6748640933622
yangzhou_226_33	yangzhou_226_33	80.2366991855247
yangzhou_226_34	yangzhou_226_34	91.7236371794147
yangzhou_226_35	yangzhou_226_35	83.1290936444178
yangzhou_226_36	yangzhou_226_36	91.0625184459534
yangzhou_226_37	yangzhou_226_37	94.3681121132598
yangzhou_226_38	yangzhou_226_38	95.6903495801824
yangzhou_226_39	yangzhou_226_39	95.1118706884038
yangzhou_226_40	yangzhou_226_40	99.7397018226328
yangzhou_226_41	yangzhou_226_41	92.9632348046546
yangzhou_226_4	yangzhou_226_4	78.0880633017755
yangzhou_226_42	yangzhou_226_42	96.3514683136437
yangzhou_226_43	yangzhou_226_43	93.5417136964332
yangzhou_226_44	yangzhou_226_44	88.5833231954735
yangzhou_226_45	yangzhou_226_45	96.4341081553264
yangzhou_226_46	yangzhou_226_46	98.3348245140276
yangzhou_226_47	yangzhou_226_47	96.8473073637397
yangzhou_226_48	yangzhou_226_48	95.6077097384998
yangzhou_226_49	yangzhou_226_49	99.4917822975848
yangzhou_226_50	yangzhou_226_50	98.1695448306623
yangzhou_226_51	yangzhou_226_51	94.6160316383078
yangzhou_226_5	yangzhou_226_5	95.1118706884038
yangzhou_226_53	yangzhou_226_53	97.5910659388836
yangzhou_226_54	yangzhou_226_54	103.37585485667
yangzhou_226_55	yangzhou_226_55	108.33424535763
yangzhou_226_56	yangzhou_226_56	106.18560947388
yangzhou_226_57	yangzhou_226_57	100.89665960619
yangzhou_226_58	yangzhou_226_58	100.400820556094
yangzhou_226_59	yangzhou_226_59	108.33424535763
yangzhou_226_60	yangzhou_226_60	102.13625723143
yangzhou_226_61	yangzhou_226_61	102.797375964891
yangzhou_226_6	yangzhou_226_6	98.4174643557102
yangzhou_226_62	yangzhou_226_62	102.962655648257
yangzhou_226_63	yangzhou_226_63	101.392498656286
yangzhou_226_64	yangzhou_226_64	105.85505010715
yangzhou_226_65	yangzhou_226_65	108.33424535763
yangzhou_226_66	yangzhou_226_66	106.516168840611
yangzhou_226_67	yangzhou_226_67	99.4917822975849
yangzhou_226_68	yangzhou_226_68	97.260506572153
yangzhou_226_69	yangzhou_226_69	98.8306635641236
yangzhou_226_70	yangzhou_226_70	105.111291532006
yangzhou_226_71	yangzhou_226_71	97.508426097201
yangzhou_226_7	yangzhou_226_7	91.8062770210973
yangzhou_226_72	yangzhou_226_72	105.111291532006
yangzhou_226_73	yangzhou_226_73	95.4424300551344
yangzhou_226_74	yangzhou_226_74	104.532812640227
yangzhou_226_75	yangzhou_226_75	100.733072771928
yangzhou_226_76	yangzhou_226_76	101.392498656286
yangzhou_226_77	yangzhou_226_77	95.1945105300864
yangzhou_226_78	yangzhou_226_78	98.9133034058062
yangzhou_226_79	yangzhou_226_79	100.152901031046
yangzhou_226_80	yangzhou_226_80	94.4507519549425
yangzhou_226_81	yangzhou_226_81	101.557778339651
yangzhou_226_8	yangzhou_226_8	95.5250698968171
yangzhou_226_82	yangzhou_226_82	99.2438627725368
yangzhou_226_83	yangzhou_226_83	99.5744221392675
yangzhou_226_84	yangzhou_226_84	109.243283616139
yangzhou_226_85	yangzhou_226_85	103.293215014987
yangzhou_226_86	yangzhou_226_86	105.359211057054
yangzhou_226_87	yangzhou_226_87	97.8389854639316
yangzhou_226_88	yangzhou_226_88	104.202253273497
yangzhou_226_89	yangzhou_226_89	100.731379922825
yangzhou_226_90	yangzhou_226_90	107.507846940803
yangzhou_226_91	yangzhou_226_91	103.293215014987
yangzhou_226_9	yangzhou_226_9	75.8567875763436
yangzhou_226_92	yangzhou_226_92	100.814019764507
yangzhou_226_93	yangzhou_226_93	103.293215014987
yangzhou_226_94	yangzhou_226_94	100.89665960619
yangzhou_226_95	yangzhou_226_95	107.259927415755
yangzhou_226_96	yangzhou_226_96	101.557778339651
yangzhou_226_97	yangzhou_226_97	103.871693906766
yangzhou_226_98	yangzhou_226_98	98.0042651472969
yangzhou_226_99	yangzhou_226_99	100.979299447873
YCX333	YCX333	101.579901598916
YCX334	YCX334	105.022129077395
YCX335	YCX335	107.153031802168
YCX336	YCX336	93.8758686708904
YCX337	YCX337	99.4489988741426
YCX338	YCX338	101.907732787342
YCX339	YCX339	96.9902649609431
YCX340	YCX340	100.268576845209
YCX341	YCX341	98.6294209030761
YCX342	YCX342	98.3015897146495
YCX343	YCX343	102.399479569982
YCX344	YCX344	NA
YCX345	YCX345	96.1706869898766
YCX346	YCX346	94.5315310477436
YCX347	YCX347	99.121167685716
YCX348	YCX348	95.5150246130234
YCX349	YCX349	94.203699859317
YCX350	YCX350	83.2213550470258
YCX351	YCX351	89.9418944097711
YCX352	YCX352	84.5326798007322
YCX353	YCX353	87.9749072792115
YCX354	YCX354	80.106958756973
YCX355	YCX355	93.3841218882505
YCX356	YCX356	95.3511090188101
YCX357	YCX357	92.7284595113973
YCX358	YCX358	96.3346025840899
YCX359	YCX359	93.2202062940372
YCX360	YCX360	98.1376741204362
YCX361	YCX361	103.219057541049
YCX362	YCX362	101.252070410489
YCX363	YCX363	94.6954466419569
YCX364	YCX364	95.0232778303835
YCX365	YCX365	99.2850832799293
YCX366	YCX366	104.858213483182
YCX367	YCX367	96.4985181783032
YCX368	YCX368	106.497369425315
YCX369	YCX369	88.794485250278
YCX370	YCX370	97.6459273377963
YCX371	YCX371	97.9737585262229
YCX372	YCX372	98.6294209030761
YCX373	YCX373	102.399479569982
YCX374	YCX374	111.74266844014
YCX375	YCX375	93.8758686708904
YCX376	YCX376	99.6129144683559
YCX377	YCX377	107.153031802168
YCX378	YCX378	102.563395164195
YCX379	YCX379	95.3511090188101
YCX380	YCX380	94.8593622361702
YCX381	YCX381	101.252070410489
YCX382	YCX382	99.9407456567826
YCX383	YCX383	101.907732787342
YCX384	YCX384	96.6624337725165
YCX385	YCX385	97.482011743583
YCX386	YCX386	97.8098429320096
YCX387	YCX387	101.907732787342
YCX388	YCX388	100.432492439422
YCX389	YCX389	100.268576845209
YCX390	YCX390	98.6294209030761
YCX391	YCX391	99.4489988741426
YCX392	YCX392	98.1376741204362
YCX393	YCX393	105.186044671608
YD12	YD12	99.8223416643155
